{
  "objects": [
    {
      "position": [
        1.011687193489825,
        1.0103957321947892,
        1.188707245869069
      ],
      "radius": 0.09342884148762932
    },
    {
      "position": [
        0.9365513770106757,
        0.851788652021661,
        1.0016632738610445
      ],
      "radius": 0.07501532770567818
    },
    {
      "position": [
        1.0631910434947804,
        0.6474591231718534,
        1.0084319041211023
      ],
      "radius": 0.06031094345055835
    }
  ]
}